Allen Allen_040 Allen_089 Allen_104 Allen_231 Allen_327 Allen_413 Allen_462 Allen_468 Allen_470 Allen_560
Ben Ben_012 Ben_117 Ben_123 Ben_171 Ben_217 Ben_234 Ben_341 Ben_345 Ben_457 Ben_757
Carl Carl_013 Carl_140 Carl_214 Carl_325 Carl_458 Carl_546 Carl_632 Carl_678 Carl_876 Carl_894
Dan Dan_032 Dan_156 Dan_216 Dan_265 Dan_519 Dan_657 Dan_785 Dan_847 Dan_947 Dan_987
Eddy Eddy_102 Eddy_120 Eddy_231 Eddy_241 Eddy_411 Eddy_620 Eddy_641 Eddy_732 Eddy_784 Eddy_897
Febe Febe_010 Febe_012 Febe_123 Febe_216 Febe_230 Febe_345 Febe_456 Febe_678 Febe_789 Febe_879
Grace Grace_113 Grace_123 Grace_234 Grace_291 Grace_345 Grace_415 Grace_582 Grace_753 Grace_891 Grace_967
Hannah Hannah_102 Hannah_132 Hannah_201 Hannah_234 Hannah_245 Hannah_457 Hannah_718 Hannah_768 Hannah_802 Hannah_932
