Allen Allen_584 Allen_774 Allen_789 Allen_897 Allen_905 Allen_964
Ben Ben_021 Ben_578 Ben_702 Ben_718 Ben_789 Ben_891
Carl Carl_132 Carl_254 Carl_467 Carl_587 Carl_789 Carl_945
Dan Dan_112 Dan_141 Dan_412 Dan_596 Dan_841 Dan_984
Eddy Eddy_105 Eddy_236 Eddy_415 Eddy_419 Eddy_742 Eddy_986
Febe Febe_032 Febe_123 Febe_230 Febe_234 Febe_450 Febe_560
Grace Grace_011 Grace_230 Grace_567 Grace_678 Grace_748 Grace_951
Hannah Hannah_122 Hannah_221 Hannah_235 Hannah_348 Hannah_524 Hannah_808
